unit_id,title,type,skill,inputs,outputs,acceptance,checkpoint,status,depends_on,owner
U001,Initialize workspace and copy templates,META,workspace-init,,STATUS.md;CHECKPOINTS.md;UNITS.csv;DECISIONS.md;GOAL.md;output/QUALITY_GATE.md;output/RUN_ERRORS.md,workspace模板文件齐全（含 QUALITY_GATE / RUN_ERRORS）,C0,DONE,,CODEX
U002,Draft kickoff questions + seed queries (brainstorm),META,pipeline-router,GOAL.md,DECISIONS.md;queries.md,DECISIONS 含 C0 问题块；queries.md 含非空关键词（可被后续 idea-brief 重写为多桶检索计划）,C0,DONE,U001,CODEX
U003,Idea brief: lock topic/constraints/audience/query buckets,META,idea-brief,GOAL.md;DECISIONS.md;queries.md,output/trace/IDEA_BRIEF.md;queries.md;DECISIONS.md,IDEA_BRIEF.md 含 topic/scope/constraints/exclusions/rubric/targets/query buckets；queries.md 设定 draft_profile=idea_brainstorm 且包含 3-6 个 query buckets,C0,DONE,U002,CODEX
U005,HUMAN approve C0 (brainstorm brief),META,human-checkpoint,DECISIONS.md,DECISIONS.md,勾选 DECISIONS.md 的 Approve C0（确认 brainstorm brief 后才进入检索）,C0,DONE,U003,HUMAN
U010,Collect candidate papers and normalize metadata,RETRIEVE,literature-engineer,queries.md,papers/papers_raw.jsonl;papers/retrieval_report.md,papers_raw.jsonl 覆盖度达标（Lite+ 建议 >=800）；每条含 title/year/url + 稳定标识 + provenance；retrieval_report.md 记录 buckets/exclusions/字段统计,C1,DONE,U005,CODEX
U020,Dedupe+rank and produce core set,CURATE,dedupe-rank,papers/papers_raw.jsonl,papers/papers_dedup.jsonl;papers/core_set.csv,dedup 后池子足够大（建议 >=400）；core_set 默认 100；paper_id 唯一且 title 非空,C1,DONE,U010,CODEX
U030,Build idea landscape taxonomy [NO PROSE],STRUCTURE,taxonomy-builder,papers/core_set.csv,outline/taxonomy.yml,taxonomy 至少 2 层且节点有解释；用于 brainstorm landscape 而非论文大纲,C2,DONE,U020,CODEX
U042,Draft C2 focus questions (clusters / lenses),META,pipeline-router,outline/taxonomy.yml;output/trace/IDEA_BRIEF.md,DECISIONS.md,DECISIONS 含 C2 focus 选择提示（基于 taxonomy 列出候选簇 / lenses；要求写明选择与排除项）,C2,DONE,U030,CODEX
U045,HUMAN approve C2 (focus lenses + exclusions),META,human-checkpoint,DECISIONS.md,DECISIONS.md,勾选 DECISIONS.md 的 Approve C2（确认 focus 后才进入 signals 与 direction synthesis）,C2,DONE,U042,HUMAN
U060,Write paper notes for core set [NO PROSE],EVIDENCE,paper-notes,papers/core_set.csv,papers/paper_notes.jsonl;papers/evidence_bank.jsonl,core_set 覆盖率 100%；notes 至少含 summary/method/results/limitations；不泄漏 TODO/省略号,C3,DONE,U045,CODEX
U065,Map literature signals into a discussion table [NO PROSE],IDEA,idea-signal-mapper,output/trace/IDEA_BRIEF.md;outline/taxonomy.yml;papers/paper_notes.jsonl;papers/core_set.csv,output/trace/IDEA_SIGNAL_TABLE.md;output/trace/IDEA_SIGNAL_TABLE.jsonl,IDEA_SIGNAL_TABLE.md 为 Markdown 表（>=10 rows）；JSONL sidecar 存在且每行含 cluster/theme/claim/tension/missing piece/possible axis/academic value/confidence/paper_ids,C3,DONE,U060,CODEX
U070,Generate a research-direction pool,IDEA,idea-direction-generator,output/trace/IDEA_BRIEF.md;output/trace/IDEA_SIGNAL_TABLE.md;output/trace/IDEA_SIGNAL_TABLE.jsonl;papers/paper_notes.jsonl;papers/core_set.csv,output/trace/IDEA_DIRECTION_POOL.md;output/trace/IDEA_DIRECTION_POOL.jsonl,direction pool 含 12-24 条方向卡；每条含 title/thesis/why interesting/literature suggests/missing piece/variants/academic value/first probes/weakness/best fit；JSONL sidecar 存在,C4,DONE,U065,CODEX
U072,Screen directions with a discussion-first scoring pass,IDEA,idea-screener,output/trace/IDEA_BRIEF.md;output/trace/IDEA_DIRECTION_POOL.md;output/trace/IDEA_DIRECTION_POOL.jsonl;papers/core_set.csv,output/trace/IDEA_SCREENING_TABLE.md;output/trace/IDEA_SCREENING_TABLE.jsonl,screening table 为 Markdown 表（>=8 rows）；含 discussion/academic value/evidence/distinctness/first probe/thesis potential/decision/rationale 列；JSONL sidecar 存在,C4,DONE,U070,CODEX
U075,Curate a discussion-ready shortlist,IDEA,idea-shortlist-curator,output/trace/IDEA_BRIEF.md;output/trace/IDEA_DIRECTION_POOL.md;output/trace/IDEA_DIRECTION_POOL.jsonl;output/trace/IDEA_SCREENING_TABLE.md;output/trace/IDEA_SCREENING_TABLE.jsonl;papers/paper_notes.jsonl;papers/core_set.csv,output/trace/IDEA_SHORTLIST.md;output/trace/IDEA_SHORTLIST.jsonl,shortlist=3-5；每条含 thesis/why interesting/literature suggests/missing piece/variants/academic value/first probes/weakness/best fit/confidence/anchors；覆盖 >=2 clusters；JSONL sidecar 存在,C5,DONE,U072,CODEX
U077,Synthesize the brainstorm memo,IDEA,idea-memo-writer,output/trace/IDEA_BRIEF.md;output/trace/IDEA_SCREENING_TABLE.md;output/trace/IDEA_SCREENING_TABLE.jsonl;output/trace/IDEA_SHORTLIST.md;output/trace/IDEA_SHORTLIST.jsonl;papers/paper_notes.jsonl;papers/core_set.csv,output/REPORT.md;output/APPENDIX.md;output/REPORT.json,REPORT.md 为 discussion-ready brainstorm memo；APPENDIX.md 和 REPORT.json 存在；主文档包含 top directions / deferred directions / discussion questions / uncertainty / next discussion step,C5,DONE,U075,CODEX
U080,Self-loop the brainstorm memo bundle to PASS,QA,deliverable-selfloop,output/trace/IDEA_SIGNAL_TABLE.md;output/trace/IDEA_DIRECTION_POOL.md;output/trace/IDEA_SCREENING_TABLE.md;output/trace/IDEA_SHORTLIST.md;output/REPORT.md;output/APPENDIX.md;output/REPORT.json;outline/taxonomy.yml;papers/core_set.csv,output/DELIVERABLE_SELFLOOP_TODO.md,DELIVERABLE_SELFLOOP_TODO.md 为 PASS；memo bundle + trace chain 自洽；最终产物适合 PI/PhD brainstorm 讨论而非执行工单,C5,DONE,U077,CODEX
U090,Contract audit (artifact contract + target_artifacts),QA,artifact-contract-auditor,UNITS.csv;PIPELINE.lock.md,output/CONTRACT_REPORT.md,CONTRACT_REPORT.md 状态为 PASS（且 target_artifacts 缺失=0）,C5,DONE,U080,CODEX
